{"_step":60,"Test/Accuracy":0.18680203045685279,"_timestamp":1.7576605228076515e+09,"Test/AUC":0.48226542580191645,"Train/Loss":1.790861359957991,"_wandb":{"runtime":74046},"Test/AUC (Std)":0.021074231526789028,"Test/Loss":1.835162415359226,"_runtime":74046.237476,"Test/Accuracy (Std)":0.03443143655663891}