{"Test/AUC (Std)":0.04627805544931181,"Test/AUC":0.9216151348356988,"_wandb":{"runtime":462},"Train/Loss":0.5511841406202947,"Test/Accuracy":0.7532994923857868,"_timestamp":1.752595312714125e+09,"_step":8,"Test/Accuracy (Std)":0.2151165970504949,"_runtime":462.04298}