{"Test/Accuracy":0.2868020304568528,"_timestamp":1.7557772416171002e+09,"Test/Accuracy (Std)":0.07234089900146749,"_step":60,"Test/Loss":9.203983470279402,"Train/Loss":5.588691725730896,"Test/AUC":0.6197271146426523,"Test/AUC (Std)":0.028908719415203628,"_runtime":7362.7523511,"_wandb":{"runtime":7362}}