{"Train/Loss":1.7981189739704133,"_wandb":{"runtime":52997},"Test/AUC":0.7098469668300831,"Test/AUC (Std)":0.061169471726351045,"_step":60,"Test/Accuracy (Std)":0.10722450293608543,"_runtime":52997.6598436,"Test/Accuracy":0.3208121827411167,"Test/Loss":3.342390444216692,"_timestamp":1.7569404525164192e+09}