{"Test/Accuracy": 0.7030456852791879, "Test/Loss": 1.1322204118755264, "Test/AUC": 0.8456434563829468, "Test/Accuracy (Std)": 0.1555266392550252, "Test/AUC (Std)": 0.10198175843208811, "Train/Loss": 1.104763682689976, "_timestamp": 1754278597.7072182, "_runtime": 5651.734639167786, "_step": 3}