{"Test/Accuracy": 0.5776649746192893, "Test/Loss": 1.5705389452994172, "Test/AUC": 0.7857260682074861, "Test/Accuracy (Std)": 0.10538803716978608, "Test/AUC (Std)": 0.0500510647717182, "Train/Loss": 1.5304352291745094, "_timestamp": 1754369574.6369426, "_runtime": 34690.06283164024, "_step": 44}