{"_wandb":{"runtime":18066},"Train/Loss":0.0070161210762503074,"Test/AUC (Std)":0.045632300015505854,"_timestamp":1.7527533663093352e+09,"_step":40,"Test/AUC":0.9121710948925154,"Test/Accuracy (Std)":0.11867895054855616,"Test/Accuracy":0.5979695431472081,"_runtime":18066.150467}