{"Test/Accuracy (Std)":0.008987420502145719,"Train/Loss":1.798165849391246,"Test/AUC (Std)":0.015135174225577103,"_step":60,"_runtime":300501.3004855,"_wandb":{"runtime":300501},"Test/AUC":0.38744266315619946,"Test/Accuracy":0.0020304568527918783,"_timestamp":1.7577613663102875e+09,"Test/Loss":1.7983434455648897}