{"_runtime":360.8451474,"_step":0,"_timestamp":1.7561164074598396e+09,"_wandb":{"runtime":360},"Test/AUC":0.8797386052230766,"Test/Accuracy":0.7609137055837564,"Test/Accuracy (Std)":0.16632159258103266,"Test/Loss":1.0069548040288052,"Train/Loss":0.8247193339569815,"Test/AUC (Std)":0.09322000873797563}