{"Test/Loss":1.808067972405913,"_timestamp":1.7575605823534813e+09,"_wandb":{"runtime":98222},"Test/Accuracy":0.14111675126903553,"Test/AUC":0.48808429736413683,"_runtime":98222.3997624,"_step":60,"Test/AUC (Std)":0.017334078163402343,"Train/Loss":1.7907646793000243,"Test/Accuracy (Std)":0.011127103778462495}