{"Train/Loss":1.7895694724444686,"_timestamp":1.757594276897796e+09,"_wandb":{"runtime":6247},"Test/AUC":0.4906056442320861,"Test/Accuracy":0.21776649746192894,"_runtime":6247.1703845,"_step":60,"Test/Loss":1.8320831158439521,"Test/AUC (Std)":0.021119127267812086,"Test/Accuracy (Std)":0.04145120796184671}