{"_wandb":{"runtime":88296},"_runtime":88296.8261672,"_step":100,"_timestamp":1.7528416475728462e+09,"Train/Loss":0.0006790584698391869,"Test/AUC (Std)":0.05406132314423898,"Test/Loss":2.1279029019591653,"Test/AUC":0.9006239700398776,"Test/Accuracy (Std)":0.1338214007666081,"Test/Accuracy":0.5878172588832488}