{"Test/Accuracy (Std)":0.0165356706753278,"_runtime":43522.3419665,"Test/AUC (Std)":0.019324696878923065,"_step":60,"Test/Loss":1.815938209640193,"Test/AUC":0.46752437166915106,"Train/Loss":1.793665278574516,"Test/Accuracy":0.166497461928934,"_timestamp":1.7579605519910495e+09,"_wandb":{"runtime":43522}}