{"Test/Accuracy (Std)":0.0165356706753278,"Test/AUC":0.40721691277159333,"_step":60,"Train/Loss":1.7917488870620728,"Test/Loss":1.8188040042286597,"Test/AUC (Std)":0.013975981661770595,"_wandb":{"runtime":87613},"_timestamp":1.758097329613628e+09,"Test/Accuracy":0.166497461928934,"_runtime":87613.8514164}