{"_step":89,"Test/Accuracy (Std)":0.1065287240946321,"Test/Loss":2.414280064067411,"Train/Loss":2.8263964323287314,"Test/AUC":0.7177564397636589,"_wandb":{"runtime":158599},"Test/AUC (Std)":0.08281491829461077,"Test/Accuracy":0.3395939086294416,"_runtime":158599.3307494,"_timestamp":1.7539612679232552e+09}