{"Test/Accuracy (Std)":0.07554692035552826,"Train/Loss":1.7939564800369125,"_timestamp":1.7572400262354095e+09,"_wandb":{"runtime":79098},"Test/AUC":0.4061506641020673,"_runtime":79098.8225686,"_step":60,"Test/Accuracy":0.07969543147208122,"Test/AUC (Std)":0.041400646184265165,"Test/Loss":1.793921388647883}