{"Test/AUC (Std)":0.022372746050581826,"_runtime":6178.6255618,"Train/Loss":1.7927274713516235,"Test/Accuracy":0.166497461928934,"Test/Accuracy (Std)":0.0165356706753278,"_timestamp":1.7578964469880292e+09,"_step":60,"Test/AUC":0.4380349364557018,"Test/Loss":1.8176105046635351,"_wandb":{"runtime":6178}}