{"Test/Loss":3.056463285698201,"Test/Accuracy":0.47411167512690355,"Test/Accuracy (Std)":0.16573644452842787,"_wandb":{"runtime":218},"_runtime":218.4132179,"Test/AUC":0.8504238037606946,"Test/AUC (Std)":0.06549246968654668,"_step":0,"_timestamp":1.7533029037386634e+09,"Train/Loss":3.0933242341716016}