{"Test/AUC":0.9527700270919688,"Test/Accuracy (Std)":0.031046999050529756,"_wandb":{"runtime":1392},"_timestamp":1.752735324127418e+09,"Test/AUC (Std)":0.01591453002920132,"_runtime":1392.1805617,"_step":10,"Test/Accuracy":0.9736040609137055,"Train/Loss":0.037069733152520205}