{"_wandb":{"runtime":220313},"Test/AUC":0.7923222373992781,"Test/Accuracy":0.5152284263959391,"_runtime":220313.1740964,"Test/Loss":1.759332892552094,"Train/Loss":2.1648045614795777,"Test/Accuracy (Std)":0.12826966406367898,"_step":33,"Test/AUC (Std)":0.050526255858399274,"_timestamp":1.7561145945824194e+09}