{"_timestamp":1.757706368019639e+09,"_runtime":95242.0398441,"Test/Loss":1.7948397817950563,"Test/AUC (Std)":0.06305202952457763,"Test/Accuracy":0.1081218274111675,"_wandb":{"runtime":95242},"Test/AUC":0.42142497795973205,"Train/Loss":1.7954544559687842,"_step":60,"Test/Accuracy (Std)":0.11917981981371203}