{"Test/Loss":1.0069548040288052,"_runtime":39.386755,"_step":0,"_wandb":{"runtime":39},"_timestamp":1.7571611610769958e+09,"Test/Accuracy":0.7609137055837564,"Test/Accuracy (Std)":0.16632159258103266,"Train/Loss":1.0343536584402624,"Test/AUC (Std)":0.09322000873797563,"Test/AUC":0.8797386052230766}