{"Train/Loss":0.018615371735072595,"_wandb":{"runtime":78091},"Test/AUC":0.8919375054766714,"_timestamp":1.7528316633566895e+09,"Test/AUC (Std)":0.06113984223072921,"Test/Accuracy (Std)":0.10624815248981893,"Test/Accuracy":0.5172588832487309,"_runtime":78091.9235664,"_step":100,"Test/Loss":2.3096749936611047}