{"Test/Accuracy": 0.6133056133056133, "Test/Loss": 2.055317625408764, "Test/AUC": 0.8991107258135963, "Test/Accuracy (Std)": 0.12322437206352456, "Test/AUC (Std)": 0.05117539776277211, "Train/Loss": 0.0584381370021528, "_timestamp": 1752860892.0928147, "_runtime": 3814.8680427074432, "_step": 85}