{"Test/Accuracy":0.14111675126903553,"Train/Loss":1.793722693202565,"Test/Loss":1.7980105138672184,"Test/Accuracy (Std)":0.011127103778462495,"_step":60,"_wandb":{"runtime":11496},"_timestamp":1.7575880026332483e+09,"Test/AUC (Std)":0.008842050347327953,"Test/AUC":0.37605210830114155,"_runtime":11496.3039}