{"Test/Accuracy": 0.41269035532994924, "Test/Loss": 2.364080055534537, "Test/AUC": 0.6013665113897725, "Test/Accuracy (Std)": 0.10990097760468939, "Test/AUC (Std)": 0.07826274835950923, "Train/Loss": 3.0912771112918853, "_timestamp": 1754247572.9294343, "_runtime": 83704.78464627266, "_step": 60, "_wandb": {"runtime": 85810}}