{"Test/Accuracy":0.6979695431472082,"Test/Loss":1.8720765275131548,"_runtime":89321.6382121,"_step":100,"Test/Accuracy (Std)":0.14433784889006512,"Test/AUC (Std)":0.05257203869540543,"Train/Loss":0.0006790584698391869,"Test/AUC":0.9194531649246623,"_wandb":{"runtime":89321},"_timestamp":1.752841929674686e+09}