{"Test/AUC":0.8012370116116228,"Test/Accuracy":0.45989847715736043,"_wandb":{"runtime":4249},"Test/AUC (Std)":0.06775162874783372,"Test/Loss":1.8891481243461596,"_step":3,"Train/Loss":2.4913173553000374,"_timestamp":1.7561162653080046e+09,"_runtime":4249.2794779,"Test/Accuracy (Std)":0.10619890925448648}