{"Test/Loss":2.5690998030608982,"_step":60,"_runtime":94373.7295074,"Test/AUC":0.6981223475192571,"Test/Accuracy":0.4309644670050761,"Test/Accuracy (Std)":0.11710683399611149,"Train/Loss":1.8677568438053131,"_timestamp":1.7570593476574614e+09,"_wandb":{"runtime":94373},"Test/AUC (Std)":0.08521703230985506}