{"Test/Accuracy":0.6614213197969543,"Test/Accuracy (Std)":0.14442848821333493,"_runtime":18117.7570629,"Test/AUC (Std)":0.04843809638856615,"_wandb":{"runtime":18117},"_timestamp":1.7527535085926208e+09,"Train/Loss":0.007840518419959074,"_step":42,"Test/AUC":0.9200146959453708}