{"Test/AUC":0.4231703487914957,"_step":60,"Test/Accuracy":0.14111675126903553,"Train/Loss":1.7925598714368562,"_runtime":3254.2364517,"Test/Accuracy (Std)":0.011127103778462495,"_wandb":{"runtime":3254},"Test/Loss":1.8153656908703335,"Test/AUC (Std)":0.017747269868649544,"_timestamp":1.7577666765741935e+09}