{"_timestamp":1.758001114338734e+09,"Test/Accuracy":0.018274111675126905,"Test/Loss":1.7982986747310852,"Train/Loss":1.7944026745638801,"Test/AUC":0.3901941967900288,"Test/Accuracy (Std)":0.021243240924225835,"_wandb":{"runtime":84388},"Test/AUC (Std)":0.01911472926016553,"_runtime":84388.0010401,"_step":60}