{"Test/Loss":1.0069548040288052,"Test/Accuracy (Std)":0.16632159258103266,"_step":0,"Test/AUC":0.8797386052230766,"_wandb":{"runtime":110},"Train/Loss":1.0343536584402624,"_timestamp":1.7571597627368731e+09,"Test/Accuracy":0.7609137055837564,"_runtime":110.8679831,"Test/AUC (Std)":0.09322000873797563}