{"_step":60,"_runtime":26706.1815421,"Test/AUC":0.6604813593979586,"_wandb":{"runtime":26706},"_timestamp":1.7546948752888477e+09,"Test/Accuracy":0.36446700507614216,"Test/Loss":2.680583624277018,"Test/AUC (Std)":0.08879336002293671,"Test/Accuracy (Std)":0.10110055698983278,"Train/Loss":2.641768164849388}