{"Train/Loss":1.793366795539856,"_step":60,"Test/Accuracy (Std)":0.03814031057842499,"_timestamp":1.7579638507685888e+09,"_runtime":46709.8169474,"Test/AUC (Std)":0.020400856850243086,"Test/Accuracy":0.16040609137055836,"Test/Loss":1.809503947054674,"Test/AUC":0.4865023144015625,"_wandb":{"runtime":46709}}