{"Test/Accuracy":0.6131979695431472,"_wandb":{"runtime":17290},"Train/Loss":0.007779567845576927,"_step":70,"_runtime":17290.1447107,"_timestamp":1.7527529950990987e+09,"Test/AUC (Std)":0.053746990237641394,"Test/AUC":0.8987749701883624,"Test/Accuracy (Std)":0.1280414786935818}