{"_runtime":6867.3146658,"Test/AUC (Std)":0.0750159427130819,"Test/Accuracy":0.3416243654822335,"_step":60,"Train/Loss":3.4749886374524297,"_wandb":{"runtime":6867},"Test/Accuracy (Std)":0.09490180936966187,"Test/Loss":3.9751952555957177,"_timestamp":1.7547486913268137e+09,"Test/AUC":0.6484912216842632}