{"_step":0,"Test/Accuracy (Std)":0,"_runtime":5.2887722,"Test/Accuracy":0,"Test/AUC (Std)":0.01476835771446973,"_wandb":{"runtime":5},"_timestamp":1.7527339671715713e+09,"Test/AUC":0.2800506918759141,"Train/Loss":2.316917885603254}