{"Test/Accuracy": 0.39593908629441626, "Test/Loss": 2.2569759216273044, "Test/AUC": 0.715034600532821, "Test/Accuracy (Std)": 0.12220780621228015, "Test/AUC (Std)": 0.08997660851126123, "Train/Loss": 2.434237598537885, "_timestamp": 1754195069.8519828, "_runtime": 120845.48419094086, "_step": 60, "_wandb": {"runtime": 122497}}