{"Test/Loss":2.230476450333892,"Test/AUC (Std)":0.050997885674178255,"_timestamp":1.7558142121828306e+09,"_runtime":11620.2138327,"Test/AUC":0.6236267193133567,"_step":60,"Test/Accuracy":0.5076142131979695,"Test/Accuracy (Std)":0.1090102317612815,"_wandb":{"runtime":11620},"Train/Loss":1.704012897227285}