{"Train/Loss":1.8723527291410456,"_wandb":{"runtime":116562},"_step":60,"Test/Loss":2.9798974373474776,"_runtime":116562.5314729,"Test/Accuracy (Std)":0.12064295208610452,"Test/Accuracy":0.3634517766497462,"Test/AUC":0.6521613854844732,"_timestamp":1.756959664592536e+09,"Test/AUC (Std)":0.05444118041729827}