{"Test/Accuracy": 0.24111675126903553, "Test/Loss": 3.3723984375822966, "Test/AUC": 0.5812450096941043, "Test/Accuracy (Std)": 0.09374282306128504, "Test/AUC (Std)": 0.08227623448209442, "Train/Loss": 3.1800742419898933, "_timestamp": 1754060752.8788831, "_runtime": 98803.6782450676, "_step": 60, "_wandb": {"runtime": 100659}}