{"Test/Accuracy":0.9857868020304569,"_timestamp":1.7526157510612676e+09,"_step":21,"Test/AUC":0.9537125074304634,"Train/Loss":0.017291973337827792,"Test/AUC (Std)":0.01652345702476829,"_runtime":58392.49402,"_wandb":{"runtime":58392},"Test/Accuracy (Std)":0.020486721363521008}