{"Test/Accuracy":0.5355329949238579,"Test/AUC":0.7833207364834517,"_step":60,"Test/Loss":1.8019523573519312,"Test/Accuracy (Std)":0.15030426764948765,"Train/Loss":1.1312961596995592,"_runtime":485980.9979729,"_timestamp":1.7568648774131644e+09,"_wandb":{"runtime":485980},"Test/AUC (Std)":0.13618108477843993}