{"Test/AUC (Std)":0.020473959937776665,"Train/Loss":1.7952864889440865,"_timestamp":1.7580847469472883e+09,"_runtime":75577.8129594,"Test/AUC":0.4381957692237114,"_step":60,"Test/Loss":1.8186456469109822,"Test/Accuracy (Std)":0.051364186643954854,"_wandb":{"runtime":75577},"Test/Accuracy":0.08883248730964467}