{"Test/Loss":1.8348886805742526,"_wandb":{"runtime":5905},"Test/Accuracy (Std)":0.03948644650250664,"Train/Loss":1.7926039664909756,"Test/Accuracy":0.10304568527918782,"_step":60,"_timestamp":1.7578961613412056e+09,"_runtime":5905.9681869,"Test/AUC":0.437485836230961,"Test/AUC (Std)":0.02032256370307763}