{"Test/Loss":1.7354571144290383,"Train/Loss":1.7383995428181334,"_timestamp":1.753306779654984e+09,"Test/Accuracy":0.5380710659898477,"_wandb":{"runtime":2334},"_runtime":2334.9757247,"Test/Accuracy (Std)":0.07460537640640592,"Test/AUC (Std)":0.053624132338306596,"_step":4,"Test/AUC":0.7541428481758135}