{"_step":66,"Test/AUC (Std)":0.04147549868399844,"Train/Loss":2.716353948234666,"Test/Accuracy (Std)":0.0640996289074676,"_runtime":12873.4374572,"Test/Loss":2.865855020526702,"Test/Accuracy":0.3852791878172589,"_timestamp":1.7533535748575718e+09,"Test/AUC":0.7124669227178551,"_wandb":{"runtime":12873}}