{"_wandb":{"runtime":10221},"Test/Accuracy (Std)":0.02435874489048485,"Test/AUC":0.4523257212425147,"_runtime":10221.9378862,"_step":60,"Test/Accuracy":0.18984771573604062,"_timestamp":1.7576096200954537e+09,"Test/AUC (Std)":0.021074574101418515,"Test/Loss":1.7992576289297966,"Train/Loss":1.790765073282499}