{"Test/Accuracy":0.5949238578680203,"_step":100,"_wandb":{"runtime":89609},"Train/Loss":0.0006790584698391869,"_timestamp":1.7528406455116236e+09,"_runtime":89609.5750704,"Test/Accuracy (Std)":0.13189881131243175,"Test/AUC":0.9124927575471516,"Test/Loss":2.574712109550843,"Test/AUC (Std)":0.03717842033471104}