{"Test/Accuracy": 0.6649746192893401, "Test/Loss": 1.1221906032659075, "Test/AUC": 0.876217814160687, "Test/Accuracy (Std)": 0.15649404751626578, "Test/AUC (Std)": 0.07900825925966593, "Train/Loss": 1.1631244926711324, "_timestamp": 1754323737.134208, "_runtime": 40550.91864490509, "_step": 13}