{"_runtime":1143.4333128,"Test/AUC":0.8501410030840374,"_step":1,"_wandb":{"runtime":1143},"Test/Accuracy":0.6451776649746193,"Train/Loss":1.4187337235339637,"Test/Loss":1.4428547328498762,"_timestamp":1.7574643904338908e+09,"Test/Accuracy (Std)":0.16063696740889818,"Test/AUC (Std)":0.11323717388501119}