{"_wandb":{"runtime":47},"Test/AUC":0.8797386052230766,"_step":0,"Test/Accuracy":0.7609137055837564,"Test/Accuracy (Std)":0.16632159258103266,"Train/Loss":1.0343536584402624,"_runtime":47.3658387,"Test/Loss":1.0069548040288052,"_timestamp":1.7571615098176496e+09,"Test/AUC (Std)":0.09322000873797563}