{"Test/Accuracy": 0.6781725888324873, "Test/Loss": 1.3372133513014328, "Test/AUC": 0.7947416494775403, "Test/Accuracy (Std)": 0.13934384883378975, "Test/AUC (Std)": 0.10467753149753836, "Train/Loss": 1.353992513078838, "_timestamp": 1754452532.8609107, "_runtime": 50554.65716671944, "_step": 16}