{"Test/Loss":2.1925623820782616,"Test/AUC (Std)":0.12480560959100553,"_step":60,"_runtime":12496.475833,"Test/AUC":0.7557716996861641,"Test/Accuracy":0.5532994923857868,"_timestamp":1.754681098883248e+09,"_wandb":{"runtime":12496},"Test/Accuracy (Std)":0.15279045321933118,"Train/Loss":1.944438769834713}