{"Test/Accuracy": 0.46903553299492384, "Test/Loss": 2.102010358820863, "Test/AUC": 0.8064795145751938, "Test/Accuracy (Std)": 0.11389220770904984, "Test/AUC (Std)": 0.052918353987995694, "Train/Loss": 2.656475997520882, "_timestamp": 1754043929.7291129, "_runtime": 158574.60607290268, "_step": 60, "_wandb": {"runtime": 161881}}