{"Test/Accuracy": 0.650761421319797, "Test/Loss": 1.2444179745022264, "Test/AUC": 0.8290985342461645, "Test/Accuracy (Std)": 0.1583488933482749, "Test/AUC (Std)": 0.10061777320892175, "Train/Loss": 1.2742339141283525, "_timestamp": 1754451469.3515964, "_runtime": 79180.93929338455, "_step": 21}