{"_timestamp":1.7558897158013632e+09,"Test/AUC":0.8404005049698646,"Test/Accuracy":0.6649746192893401,"Test/Loss":1.2292102792011905,"_wandb":{"runtime":34064},"Test/Accuracy (Std)":0.14474921899083587,"Test/AUC (Std)":0.08066367584473233,"_step":60,"Train/Loss":1.2166979694759819,"_runtime":34064.790216}