{"Test/Accuracy (Std)":0.11507107420289657,"_timestamp":1.7527534673924627e+09,"Test/AUC (Std)":0.05012294443711488,"_step":40,"_wandb":{"runtime":4513},"Test/AUC":0.8924443284782321,"Train/Loss":0.02229981264605703,"Test/Accuracy":0.5152284263959391,"_runtime":4513.9703099}