{"Test/Accuracy (Std)":0.02125854493531147,"Test/AUC (Std)":0.012625794079915988,"Test/Accuracy":0.18121827411167513,"Test/Loss":1.8101456470900985,"Train/Loss":1.792225589143469,"_wandb":{"runtime":91806},"_timestamp":1.7581009920462039e+09,"_runtime":91806.3509092,"Test/AUC":0.4841224990208673,"_step":60}