{"Train/Loss":4.559977925543127,"Test/Accuracy (Std)":0.08383245914372213,"_step":60,"_runtime":11262.2506723,"Test/Accuracy":0.18426395939086293,"Test/Loss":6.781935127835891,"Test/AUC":0.45422712100942064,"Test/AUC (Std)":0.05424177894916635,"_timestamp":1.7558674529868948e+09,"_wandb":{"runtime":11262}}