{"Train/Loss":0.04410341948359867,"_step":11,"Test/Accuracy (Std)":0.041028528036073326,"Test/AUC (Std)":0.016261042161265366,"_wandb":{"runtime":1385},"Test/AUC":0.9532730027376205,"Test/Accuracy":0.9705583756345177,"_timestamp":1.7527353659930696e+09,"_runtime":1385.4197195}