{"Test/Loss":3.8892488394291873,"Test/AUC (Std)":0.08984285018735841,"_step":2,"Test/AUC":0.6740718441397808,"_wandb":{"runtime":841},"Train/Loss":1.5443804934092447,"Test/Accuracy":0.3817258883248731,"Test/Accuracy (Std)":0.10774722081872938,"_timestamp":1.7533394736018548e+09,"_runtime":841.0707904}