{"Test/Accuracy": 0.6802030456852792, "Test/Loss": 1.2502850993786971, "Test/AUC": 0.8331100676541651, "Test/Accuracy (Std)": 0.1348773548250328, "Test/AUC (Std)": 0.09774259318225105, "Train/Loss": 1.2503765227910657, "_timestamp": 1754392141.1091623, "_runtime": 19072.61537337303, "_step": 8}