{"Test/AUC (Std)":0.08782821799133281,"_step":60,"_runtime":66594.1082417,"Train/Loss":1.5733994984077018,"Test/Accuracy (Std)":0.127732337631127,"_timestamp":1.7569530835122488e+09,"_wandb":{"runtime":66594},"Test/Accuracy":0.6111675126903553,"Test/Loss":1.6428033106047943,"Test/AUC":0.8144353042340501}