{"Train/Loss":1.7932966575622558,"Test/AUC (Std)":0.02285981581553234,"_step":60,"Test/Accuracy":0.18071065989847715,"Test/Accuracy (Std)":0.021291220688378062,"Test/AUC":0.43880810717874114,"_timestamp":1.7575272185156865e+09,"_runtime":69622.4446982,"_wandb":{"runtime":69622},"Test/Loss":1.8059711355243238}