{"_wandb":{"runtime":5},"_step":0,"Test/Accuracy (Std)":0,"_timestamp":1.7527339222628229e+09,"_runtime":5.295444,"Test/Accuracy":0,"Test/AUC":0.2800506918759141,"Test/AUC (Std)":0.01476835771446973,"Train/Loss":2.316917885603254}