{"Test/Accuracy (Std)":0.0165356706753278,"_runtime":6931.0866787,"Test/Loss":1.8076206142527198,"Train/Loss":1.7930275583267212,"Test/AUC":0.44696379227098615,"_wandb":{"runtime":6931},"_timestamp":1.7575836703254356e+09,"Test/Accuracy":0.166497461928934,"Test/AUC (Std)":0.025245999163759004,"_step":60}