{"Test/Loss":1.7979531089666532,"Test/AUC":0.4434561882178873,"_step":60,"Train/Loss":1.793084938549301,"_timestamp":1.7578996233172328e+09,"Test/Accuracy (Std)":0.03596695050323918,"_wandb":{"runtime":9480},"Test/AUC (Std)":0.022293346315697102,"Test/Accuracy":0.12538071065989848,"_runtime":9480.1367834}