{"Test/Accuracy": 0.3238578680203046, "Test/Loss": 3.003019381325862, "Test/AUC": 0.6057682595593729, "Test/Accuracy (Std)": 0.114461546298984, "Test/AUC (Std)": 0.06883364106337808, "Train/Loss": 2.299771518285932, "_timestamp": 1754267863.1188662, "_runtime": 18155.478839159012, "_step": 22}