{"Test/AUC":0.9533840937961455,"Test/AUC (Std)":0.016764142156092836,"_runtime":4904.6747701,"Test/Accuracy":0.9847715736040609,"_timestamp":1.752657965475294e+09,"_wandb":{"runtime":4904},"Test/Accuracy (Std)":0.022092748750896167,"Train/Loss":0.012463556961902579,"_step":28}