{"Test/Accuracy (Std)":0.16632159258103266,"Test/Accuracy":0.7609137055837564,"_timestamp":1.7571580737536066e+09,"Train/Loss":1.0343536584402624,"_runtime":93.4972015,"Test/Loss":1.0069548040288052,"_wandb":{"runtime":93},"_step":0,"Test/AUC":0.8797386052230766,"Test/AUC (Std)":0.09322000873797563}