{"_timestamp":1.75348781279307e+09,"Train/Loss":2.858430150552844,"Test/Accuracy":0.24010152284263958,"Test/Accuracy (Std)":0.12318303164482228,"_wandb":{"runtime":126730},"Test/AUC (Std)":0.11387203773798797,"_step":100,"_runtime":126730.5475645,"Test/Loss":2.8176595415258165,"Test/AUC":0.6283098732398029}