{"Test/Accuracy": 0.500507614213198, "Test/Loss": 1.769953439789375, "Test/AUC": 0.8064338676060325, "Test/Accuracy (Std)": 0.12461697260157038, "Test/AUC (Std)": 0.05948361366850255, "Train/Loss": 2.107639645416181, "_timestamp": 1754366274.4313354, "_runtime": 95845.68879246712, "_step": 44}