{"Test/Accuracy": 0.2568527918781726, "Test/Loss": 5.8342610078414685, "Test/AUC": 0.5546661534524541, "Test/Accuracy (Std)": 0.08112839710781054, "Test/AUC (Std)": 0.07964928553660658, "Train/Loss": 4.43327503985372, "_timestamp": 1754074020.9442592, "_runtime": 11398.534171104431, "_step": 60, "_wandb": {"runtime": 11568}}