{"_runtime":78160.0988554,"_wandb":{"runtime":78160},"Test/Accuracy":0.5274111675126903,"Test/Loss":2.4714244297048467,"Test/AUC (Std)":0.057969683535757405,"Test/Accuracy (Std)":0.12231020104875917,"Train/Loss":0.021584404061473668,"_timestamp":1.7528314898915892e+09,"_step":100,"Test/AUC":0.8835532243951669}