{"_step":60,"Test/Accuracy (Std)":0.12131218921332465,"_runtime":6402.2604115,"_timestamp":1.7547415707229548e+09,"Train/Loss":2.5243011697530746,"Test/Accuracy":0.36852791878172586,"Test/AUC":0.7120118362328174,"_wandb":{"runtime":6402},"Test/AUC (Std)":0.08553673569108344,"Test/Loss":2.976547817413596}