{"Train/Loss":2.287466230577436,"_wandb":{"runtime":464568},"Test/Accuracy":0.482741116751269,"_timestamp":1.7568441656146038e+09,"Test/AUC":0.6858408879222337,"_step":59,"_runtime":464568.7882875,"Test/Accuracy (Std)":0.13369952773237162,"Test/Loss":2.9780801453055616,"Test/AUC (Std)":0.11710744978137423}