{"Test/AUC":0.715034600532821,"Test/Accuracy":0.39593908629441626,"Test/Accuracy (Std)":0.12220780621228015,"Test/AUC (Std)":0.08997660851126123,"_wandb":{"runtime":219061},"_step":60,"_timestamp":1.7561137900919318e+09,"Test/Loss":2.2569759216273044,"_runtime":219061.7630217,"Train/Loss":2.434237598537885}