{"_step":2,"Test/Accuracy":0.4984771573604061,"Test/AUC (Std)":0.07753799651453351,"_wandb":{"runtime":7488},"Train/Loss":2.3577805596937256,"_runtime":7488.5612332,"_timestamp":1.7561111068845346e+09,"Test/Loss":1.7311238318870819,"Test/Accuracy (Std)":0.1185183802943943,"Test/AUC":0.8041294455217273}