{"Test/AUC":0.6438061598320516,"Train/Loss":3.3654531020644707,"Test/Loss":4.53188115544431,"_runtime":6701.062203,"_step":60,"Test/Accuracy":0.30406091370558375,"_wandb":{"runtime":6701},"Test/Accuracy (Std)":0.07356342568791625,"Test/AUC (Std)":0.05336342618976368,"_timestamp":1.7546931772677622e+09}