{"Test/Accuracy (Std)":0,"_timestamp":1.752662591039939e+09,"Test/AUC (Std)":0.01476835771446973,"Test/Accuracy":0,"_runtime":42.0692381,"Test/AUC":0.2800506918759141,"Train/Loss":2.316917885603254,"_step":0,"_wandb":{"runtime":42}}