{"Test/Accuracy":0.41269035532994924,"Test/AUC (Std)":0.07826274835950923,"Train/Loss":3.0912771112918853,"_runtime":95201.0973068,"_step":60,"Test/Accuracy (Std)":0.10990097760468939,"_timestamp":1.7558633324070776e+09,"_wandb":{"runtime":95201},"Test/Loss":2.364080055534537,"Test/AUC":0.6013665113897725}