{"Test/Accuracy": 0.41269035532994924, "Test/Loss": 2.364080055534537, "Test/AUC": 0.6013665113897725, "Test/Accuracy (Std)": 0.10990097760468939, "Test/AUC (Std)": 0.07826274835950923, "Train/Loss": 3.0912771112918853, "_timestamp": 1753883279.949889, "_runtime": 78752.34584903717, "_step": 60, "_wandb": {"runtime": 80797}}